{
  "$schema": "https://mintlify.com/schema.json",
  "name": "Voiceglow",
  "logo": {
    "dark": "/logo/logo_dark.svg",
    "light": "/logo/logo_light.svg"
  },
  "favicon": "/favicon.svg",
  "colors": {
    "primary": "#28a9ff",
    "light": "#28a9ff",
    "dark": "#28a9ff",
    "anchors": {
      "from": "#28a9ff",
      "to": "#28a9ff"
    }
  },
  "topbarLinks": [
    {
      "name": "Support",
      "url": "mailto:moeaymandev@gmail.com"
    }
  ],
  "topbarCtaButton": {
    "name": "Dashboard",
    "url": "https://voiceglow.org"
  },
  "tabs": [
    {
      "name": "API Reference",
      "url": "api-reference"
    }
  ],
  "anchors": [
    {
      "name": "Documentation",
      "icon": "book-open-cover",
      "url": "/api-reference/introduction"
    },
    {
      "name": "Discord",
      "icon": "discord",
      "url": "https://discord.gg/wXmbre853r"
    }
  ],
  "navigation": [
    {
      "group": "API Documentation",
      "pages": [
        "api-reference/introduction"
      ]
    },
    {
      "group": "Agents",
      "pages": [
        "api-reference/agents/intro",
        "api-reference/agents/get",
        "api-reference/agents/post",
        "api-reference/agents/delete",
        "api-reference/agents/interact/post",
        {
          "group": "🧠 Knowledge Base",
          "pages": [
            "api-reference/agents/kb/get-single",
            "api-reference/agents/kb/put",
            "api-reference/agents/kb/delete",
            "api-reference/agents/kb/get",
            "api-reference/agents/kb/post",
            "api-reference/agents/kb/vector_search",
            "api-reference/agents/kb/stats"
          ]
        },
        {
          "group": "💬 Conversations",
          "pages": [
            "api-reference/agents/convos/get",
            "api-reference/agents/convos/export",
            "api-reference/agents/convos/post",
            "api-reference/agents/convos/delete"
          ]
        },
        {
          "group": "📊 Analytics",
          "pages": [
            "api-reference/agents/analytics/get-multi",
            "api-reference/agents/analytics/get-single",
            "api-reference/agents/analytics/post-single",
            "api-reference/agents/analytics/delete-single",
            "api-reference/agents/analytics/delete-multi"
          ]
        }
      ]
    },
    {
      "group": "Workspaces",
      "pages": [
        "api-reference/workspaces/get",
        "api-reference/workspaces/post",
        "api-reference/workspaces/delete",
        {
          "group": "💼 Agency",
          "pages": [
            "api-reference/workspaces/agencies/get",
            "api-reference/workspaces/agencies/post",
            "api-reference/workspaces/agencies/delete"
          ]
        },
        {
          "group": "🏢 Orgs",
          "pages": [
            "api-reference/workspaces/orgs/@get",
            "api-reference/workspaces/orgs/@put",
            "api-reference/workspaces/orgs/get",
            "api-reference/workspaces/orgs/post",
            "api-reference/workspaces/orgs/delete"
          ]
        },
        {
          "group": "🤝 Clients",
          "pages": [
            "api-reference/workspaces/clients/@get",
            "api-reference/workspaces/clients/@put",
            "api-reference/workspaces/clients/get",
            "api-reference/workspaces/clients/post",
            "api-reference/workspaces/clients/delete"
          ]
        }
      ]
    }
  ],
  "footerSocials": {
    "discord": "https://discord.gg/wXmbre853r"
  }
}